source,description,url,content
{'name': 'HuffPost'},"The French teenager apologized and explained he and his mother had endured ""verbal assaults.""",https://www.huffpost.com/entry/tennis-slap-juniors-ghana_n_624e9fc1e4b0587dee72ecae,"A French junior tennis player just struck a rival with a slap likely to be another one heard around the world.
Michael Kouame, the top seed in the Tennis Foundation Ghana Open, lashed an open hand a… [+1415 chars]"
{'name': 'Rolling Stone'},"Despite actor's resignation, the Academy imposes hefty, decade-long punishment against Smith following his Oscars slap of Chris Rock",https://www.rollingstone.com/movies/movie-news/will-smith-oscar-10-year-ban-chris-rock-academy-1335039/,"Although Will Smithresigned from the Academy following his Oscars slap of Chris Rock, the organization has imposed a hefty penalty against the actor: A 10-year ban from the Oscars, as well as all Aca… [+2347 chars]"
{'name': 'Associated Press'},LOS ANGELES (AP) — The motion picture academy on Friday banned Will Smith from attending the Oscars or any other academy event for 10 years following his slap of Chris Rock at the Academy Awards .,https://apnews.com/article/will-smith-oscars-ban-664346ac2d2441939764f35be2d8026b,"LOS ANGELES (AP) The motion picture academy on Friday banned Will Smith from attending the Oscars or any other academy event for 10 years following his slap of Chris Rock at the Academy Awards. 
The… [+3701 chars]"
{'name': 'Forbes'},The Academy of Motion Picture Arts and Sciences announced its sanction against actor Will Smith for slapping  comedian Chris Rock on stage at the recent Oscar ceremonies.,https://www.forbes.com/sites/edwardsegal/2022/04/08/as-punishment-for-slapping-incident-will-smith-is-banned-from-attending-oscar-ceremonies-for-10-years/,"US actor Will Smith (R) slaps US actor Chris Rock onstage during the 94th Oscars at the Dolby ... [+] Theatre in Hollywood, California on March 27, 2022. (Photo by Robyn Beck / AFP) (Photo by ROBYN B… [+2573 chars]"
{'name': 'Forbes'},The Academy of Motion Picture Arts and Sciences announced its sanction against actor Will Smith for slapping  comedian Chris Rock on stage at the recent Oscar ceremonies.,https://www.forbes.com/sites/edwardsegal/2022/04/08/as-punishment-for-slapping-incident-will-smith-is-barred-from-attending-oscar-ceremonies-for-10-years/,"US actor Will Smith (R) slaps US actor Chris Rock onstage during the 94th Oscars at the Dolby ... [+] Theatre in Hollywood, California on March 27, 2022. (Photo by Robyn Beck / AFP) (Photo by ROBYN B… [+3006 chars]"
{'name': 'INSIDER'},"<ol><li>Billy Crystal: Will Smith slapping Chris Rock was 'assault'  Insider
</li><li>Poll: More Americans disapprove of Will Smith hitting Chris Rock a week following the Oscars incident  Yahoo Entertainment
</li><li>Will Smith’s Oscars slap has been a ‘ni…",https://www.insider.com/will-smith-chris-rock-slap-oscars-video-billy-crystal-2022-4,"Billy Crystal weighed in on the altercation between Will Smith and Chris Rock at the 2022 Oscars, calling Smith slapping Rock ""an assault."" 
During a recent appearance on Bob Costas' 
HBO Max talk … [+1948 chars]"
{'name': 'Forbes'},"The body will decide if further actions should be taken against Smith, who resigned from the Academy on Friday.",https://www.forbes.com/sites/marisadellatto/2022/04/06/meeting-over-will-smith-oscars-slap-moved-up-to-friday-academy-says/,"The Academy of Motion Picture Arts and Sciences moved its meeting to discuss possible repercussions for Will Smith, who slapped Chris Rock at the Oscars, to Friday,Variety and Deadline reported Wedne… [+2226 chars]"
{'name': 'The Christian Post'},"<ol><li>The Will Smith event: Why it matters  The Christian Post
</li><li>How Hollywood publicists feel about their jobs after the Oscars slap  The Washington Post
</li><li>Will Smith Oscar crisis handled by inner circle fighting to save the actor's brand  …",https://www.christianpost.com/voices/the-will-smith-event-why-it-matters.html,"By Richard D. Land, Christian Post Executive Editor | Thursday, April 07, 2022
Actor Will Smith (R) slaps actor Chris Rock onstage during the 94th Oscars at the Dolby Theatre in Hollywood, Californi… [+7081 chars]"
{'name': 'Vulture'},He remains eligible for nominations and wins.,http://www.vulture.com/2022/04/will-smith-banned-oscars-ten-years-the-slap.html,"Until they start giving out Academy Awards for stunts and fight choreography, the Academy of Motion Pictures Arts &amp; Sciences will not hold space for slapping at the Oscars. On April 8, the Academ… [+2429 chars]"
{'name': 'Vanity Fair'},"“I wouldn’t have told a joke about his wife’s hair,” the comedian said, referring to Will Smith. “I’d have told a joke about her boyfriend.”",https://www.vanityfair.com/hollywood/2022/04/ricky-gervais-pitches-his-own-jada-pinkett-smith-oscars-joke,"Five-time Golden Globes host Ricky Gervais is known for courting controversy with his comedy. As such, he pulled no punches while sharing how he might have handled Will Smith slapping Chris Rock at t… [+2603 chars]"
{'name': 'Dlisted.com'},"Some of us were reminded yesterday that Andrew Garfield and Alyssa ""Not Milano"" Miller were a thing after a rumor came out saying that they were no longer a thing and have broken up. BUT WAIT! Now we're hearing that they may not be broken up at all. Toss a fe…",https://dlisted.com/2022/04/05/night-crumbs-1872/,Some of us were reminded yesterday that Andrew Garfield and Alyssa “Not Milano” Miller were a thing after a rumor came out saying that they were no longer a thing and have broken up. BUT WAIT! Now we… [+1387 chars]
{'name': 'Yahoo Entertainment'},Actor Will Smith's Oscars ban was met with mixed reviews. The film academy was called out for making an example out of a Black man while being lax on others.,https://news.yahoo.com/lets-ban-oscars-academys-smith-234732704.html,"Will Smith accepts the award for lead actor during the 2022 Oscars. (Myung J. Chun / Los Angeles Times)
Will Smith is facing a 10-year ban from events held by the Academy of Motion Picture Arts and … [+6994 chars]"
{'name': 'Newsweek'},"In a letter, Academy president David Rubin said that the meeting would take place on April 8 rather than April 18 following Smith's resignation.",https://www.newsweek.com/will-smith-academy-sanctions-hearing-moved-slap-1695680,The scheduled hearing in which the Academy of Motion Pictures Arts &amp; Sciences is set to decide on potential sanctions against actor Will Smith for slapping Chris Rock at the Oscars will take plac… [+1003 chars]
{'name': 'Newsweek'},"""My brother was no threat to him and [Smith] just had no respect for him at that moment,"" Kenny Rock said in a new interview.",https://www.newsweek.com/chris-rocks-brother-wants-will-smith-get-oscar-revoked-it-eats-me-1695277,"Kenny Rock said he does not accept Will Smith's apology for slapping his brother, comedian Chris Rock, during the 2022 Academy Awards ceremony and believes the actor should have his Oscar revoked.
E… [+3510 chars]"
{'name': 'Newsweek'},"The comedian previously said he was ""still processing"" the moment he was slapped by Will Smith on stage at the 2022 Oscars ceremony.",https://www.newsweek.com/chris-rock-talk-will-smith-oscars-slap-paid-jada-pinkett-1696624,"Chris Rock on Friday night refused to talk about the moment he was slapped by Will Smith on stage at the 2022 Oscars ceremony.
""I'm OK, I have a whole show and I'm not talking about that until I get… [+2565 chars]"
{'name': 'New York Post'},"Will Smith won the Oscar for Best Actor for his role in ""King Richard"" at this year's ceremony.",https://nypost.com/2022/04/06/academy-moves-up-will-smiths-oscar-slap-disciplinary-review/,"Forget slaps, the Academy is pulling no punches.
Discussion on how to discipline actor Will Smith following the slapping incident that occurred at the Oscars on March 27, has been moved up, accordin… [+2493 chars]"
{'name': 'Independent.ie'},The board of the Academy of Motion Picture Arts and Sciences has moved its meeting to address Will Smith&rsquo;s actions at the Oscars forward to this Friday in a bid to deal with the incident &ldquo;in a timely fashion&rdquo;.,https://www.independent.ie/entertainment/movies/academy-moves-hearing-to-discuss-will-smiths-oscars-slap-forward-41527602.html,The board of the Academy of Motion Picture Arts and Sciences has moved its meeting to address Will Smiths actions at the Oscars forward to this Friday in a bid to deal with the incident in a timely f… [+1521 chars]
{'name': 'Screen Rant'},Oscars host Amy Schumer denies accusations of stealing the Leonardo DiCaprio joke she made during her monologue from a viral twitter post.,https://screenrant.com/leonardo-dicaprio-oscars-joke-stolen-amy-schumer-response/,Amy Schumer denies stealing the Leonardo DiCaprio joke she made during the Oscars. It's been over a week since the 94th Academy Awards aired on ABC and the dust is beginning to settle on the various … [+3782 chars]
{'name': 'Newsweek'},Creative Artists Agency (CAA) has denied that there was turmoil in the company over a decision to drop Smith from its roster.,https://www.newsweek.com/will-smith-caa-talent-agency-denies-dropping-actor-slap-oscars-chris-rock-1695124,"The talent agency representing Will Smith has denied reports that the company was divided over the decision to drop the actor from their client list following his actions at the Oscars on March 28.
… [+3218 chars]"
{'name': 'New York Post'},The moment will be etched into history forever.,https://nypost.com/2022/04/05/people-are-getting-tattoos-of-will-smith-slapping-chris-rock/,"People are turning the moment Will Smith slapped Chris Rock into a permanent memory with tattoos.
Tattoo artist Jon Arton found it hilarious when someone asked to get the infamous outburst tattooed … [+2575 chars]"
{'name': 'The Indian Express'},"Ditching the traditional red, Alia looked mesmerising in a hand dyed ivory organza sari embroidered with fine tilla work and an embroidered handwoven tissue veil.",https://indianexpress.com/article/lifestyle/fashion/alia-bhatt-ranbir-kapoor-wedding-sabyasachi-white-golden-lehenga-sherwani-7869225/,"After days of speculations and buzz, actors Alia Bhatt and Ranbir Kapoor have finally tied the knot in an intimate wedding ceremony at their Mumbai residence Vastu, surrounded by their close friends … [+2037 chars]"
{'name': 'The Indian Express'},"Alia Bhatt and Ranbir Kapoor's pre-wedding functions have started in Mumbai. Kareena Kapoor, Karisma Kapoor, Karan Johar, Ayan Mukerji were clicked arriving for the festivities.",https://indianexpress.com/article/entertainment/bollywood/alia-bhatt-ranbir-kapoor-pre-wedding-function-kareena-kapoor-karisma-karan-johar-see-photos-7866339/,"The pre-wedding functions of Alia Bhatt and Ranbir Kapoor’s wedding have begun at their apartment Vastu in Bandra. On Wednesday, photographers clicked Ranbir and Alia’s family members as they arrived… [+1593 chars]"
{'name': 'The Indian Express'},"Filmmaker Subhash Ghai recalls his conversation about Ranbir Kapoor and Alia Bhatt's wedding with veteran actor Rishi Kapoor, who passed away in April 2020.",https://indianexpress.com/article/entertainment/bollywood/rishi-kapoor-ranbir-kapoor-alia-bhatt-wedding-plans-subhash-ghai-7865876/,"Bollywood’s star couple Ranbir Kapoor and Alia Bhattare all set to be married this week, after keeping fans guessing about their wedding dates for months. The couple would have tied the knot in 2020 … [+1791 chars]"
{'name': 'The Indian Express'},Alia and Ranbir are expected to tie the knot on April 14. The Kapoor clan and the Bhatts are maintaining a stoic silence about the wedding date and venue.,https://indianexpress.com/article/entertainment/bollywood/ila-arun-calls-soni-razdan-sasu-ma-as-she-congratulates-alia-bhatt-ranbir-kapoor-wedding-7867028/,"While details about Alia Bhatt and Ranbir Kapoor’s wedding are still under wraps, congratulatory messages are pouring in already. Actor Ila Arun recently took to social media to congratulate Alias mo… [+1328 chars]"
{'name': 'The Indian Express'},Police was asked to interfere when the cars of Ranbir Kapoor's mother Neetu Kapoor and his sister Riddhima Kapoor Sahni were blocked by photographers to click pictures.,https://indianexpress.com/article/entertainment/bollywood/ranbir-kapoor-alia-bhatt-wedding-police-issue-warning-to-paparazzi-to-not-block-celebrity-vehicles-7867597/,"Ranbir Kapoor and Alia Bhatt’s wedding ceremonies began on Wednesday. To ensure the smooth functioning of the festivities, the cops issued a strict warning to paparazzi asking them not to block the v… [+1171 chars]"
{'name': 'The Indian Express'},Soon-to-wed Ranbir Kapoor’s sister Riddhima Kapoor was spotted at Mumbai airport on Tuesday.,https://indianexpress.com/article/entertainment/bollywood/ahead-of-ranbir-kapoor-wedding-sister-riddhima-sahni-arrives-in-mumbai-alia-bhatt-7866593/,"Riddhima Kapoor Sahni arrived in Mumbai on Tuesday to attend her brother Ranbir Kapoors wedding to Alia Bhatt, which is scheduled to take place later this week. Riddhima, husband Bharat Sahni and dau… [+1545 chars]"
{'name': 'The Indian Express'},"Ranbir Kapoor and Alia Bhatt are expected to tie the knot this week. According to Alia's stepbrother Rahul, the security arrangements are stringent and 200 bouncers have been hired for the special day.",https://indianexpress.com/article/entertainment/bollywood/ranbir-kapoor-alia-bhatt-wedding-stepbrother-rahul-bhatt-says-200-bouncers-hired-guards-to-be-deployed-at-rk-studio-and-vastu-7863384/,"Actors Ranbir Kapoor and Alia Bhatt, one of Bollywood’s power couples, are all set to tie the knot, this week. The excitement in the air is palpable as details of the grand wedding continue to make t… [+1787 chars]"
{'name': 'The Indian Express'},Ranbir Kapoor and Alia Bhatt tied the knot today in an intimate ceremony in Mumbai. Alia's gorgeous ring and mangalsutra can be spotted in the many photos from the wedding being circulated online.,https://indianexpress.com/article/entertainment/bollywood/alia-bhatt-wedding-ring-mangalsutra-ranbir-kapoor-wedding-photos-7869769/,"Actors Alia Bhatt and Ranbir Kapoor tied the knot in a fairytale wedding in Bandra, Mumbai, on Thursday. The intimate ceremony was attended by close friends and family, including Kareena Kapoor, Saif… [+1942 chars]"
{'name': 'The Indian Express'},"Even though fans can't stop gushing over the photos of Ranbir Kapoor and Alia Bhatt from their wedding ceremony, images from the Kolkata ceremony too have created a buzz online.",https://indianexpress.com/article/trending/trending-in-india/fans-organise-ranbir-kapoor-and-alia-bhatts-bengali-wedding-in-kolkata-7870662/,"The craze around weddings of Bollywood stars is unparalleled, leaving ardent fans in a frenzy on social media. So when Bollywood actors Alia Bhatt and Ranbir Kapoor tied the knot in Mumbai on Thursda… [+2647 chars]"
{'name': 'The Indian Express'},"At the launch of Dance Deewane Juniors, Neetu Kapoor spoke about starting young, judging a kids' reality show and sharing screen space with son Ranbir Kapoor.",https://indianexpress.com/article/entertainment/television/neetu-kapoor-on-alia-bhatt-ranbir-kapoor-relationship-7861721/,"Neetu Kapoor, who started her career as a child artist, has always been known for her dance skills. And now, she is here to judge Dance Deewane Juniors, a show that celebrates young kids and their ta… [+2502 chars]"
{'name': 'The Indian Express'},"Jeweller Deepak Choksi said, “I, my son Deep and daughter in law Paridhi Choksi are die hard fans of Ranbir Kapoor and Alia Bhatt and  decided to give  a gift which should be different from others and it should last for a longer time.”",https://indianexpress.com/article/cities/surat/surat-jeweller-gifts-bouquet-of-gold-roses-to-alia-and-ranbir-7868222/,"A Surat jeweller who is a die-hard fan of Bollywood couple Ranbir Kapoor and Alia Bhatt, sent a five feet tall bouquet of gold foil roses to the couple as their wedding festivities began Wednesday.Gi… [+783 chars]"
{'name': 'The Indian Express'},"Every phera has been attributed to a specific significance - the four main aims of life: Dharma, Artha, Kama and Moksha.",https://indianexpress.com/article/lifestyle/life-style/alia-bhatt-ranbir-kapoor-took-four-pheras-instead-of-seven-rahul-bhatt-significance-meaning-7870677/,"Alia Bhatt and Ranbir Kapoor took the sacred vows last evening as they bound themselves in holy matrimony, in the gracious presence of close friends and family members. The pictures and videos from t… [+3048 chars]"
{'name': 'The Indian Express'},Saif Ali Khan’s son Ibrahim Ali Khan couldn't help but laugh as he was mistaken for Shah Rukh Khan's son Aryan recently.,https://indianexpress.com/article/entertainment/bollywood/saif-ali-khan-son-ibrahim-ali-khan-gets-mistaken-for-shah-rukh-khan-son-aryan-khan-watch-7870627/,"A video of Saif Ali Khans son Ibrahim Ali Khan being mistaken for Shah Rukh Khans son Aryan is making rounds on the internet. Originally posted on a paparazzi account, the video shows Ibrahim exiting… [+1334 chars]"
{'name': 'The Indian Express'},"The 'AAP4Mumbai' account, in an Instagram post on Wednesday, shared a picture of the celebrity couple, asking users to swipe right to find out who has been invited to the much-anticipated Bollywood celebrity wedding.",https://indianexpress.com/article/cities/mumbai/aap-mumbai-alia-bhatt-ranbir-kapoor-7868809/,"Jumping onto the Alia Bhatt-Ranbir Kapoor wedding bandwagon, the Aam Aadmi Party’s Mumbai unit used the “leaked guest list” media trope to hit out at the Maha Vikas Aghadi (MVA) government.The ‘AAP4M… [+672 chars]"
{'name': 'The Indian Express'},"Apart from the intricate golden work, the veil also had a special memory inscribed on it -- know what it is here!",https://indianexpress.com/article/lifestyle/fashion/alia-bhatt-ranbir-kapoor-wedding-veil-special-memory-inscribed-sabysachi-7870294/,"Actors Alia Bhatt and Ranbir Kapoor made for a stunning couple as they tied the knot on Thursday in an intimate ceremony at their Pali Hill residence, Vastu. Decked in traditional attire and jeweller… [+1650 chars]"
{'name': 'The Indian Express'},"Rumours are rife that the couple is set to get hitched around April 13, 2022 in Mumbai, with only close friends and family in attendance",https://indianexpress.com/article/lifestyle/feelings/alia-bhatt-ranbir-kapoor-swayamvar-relationship-timeline-couple-wedding-marriage-details-7859357/,"Amid rumours of Bollywood A-listers Ranbir Kapoor and Alia Bhatt getting married later this month, here’s looking at a timeline of their relationship, which goes way back to Bhatt’s childhood, when s… [+3618 chars]"
{'name': 'The Indian Express'},"The groom's sister and mother, too, pulled out all the stops for the mehendi ceremony",https://indianexpress.com/article/lifestyle/fashion/kareena-kapoor-khan-karisma-kapoor-stun-in-traditional-ensembles-for-alia-bhatts-mehendi-7868730/,"The rituals for Alia Bhatt and Ranbir Kapoor‘s hush-hush wedding in Mumbai officially kickstarted with close friends and family in attendance for the mehendi ceremony on Wednesday. The wedding, as co… [+1674 chars]"
{'name': 'PINKVILLA'},"<ol><li>Ranbir Kapoor-Alia Bhatt Wedding: Actress skipped chooda ceremony due to her Hollywood debut; Reports  PINKVILLA
</li><li>Bollywood mega-stars Alia Bhatt and Ranbir Kapoor wed in intimate Mumbai ceremony  CNN
</li><li>RaLia Wedding | Alia Bhatt Ditc…",https://www.pinkvilla.com/entertainment/news/ranbir-kapoor-alia-bhatt-wedding-actress-skipped-chooda-ceremony-due-her-hollywood-debut-reports-1068918,"Tinsel town's favourite couple, Alia Bhatt and Ranbir Kapoor got married on April 14th at the Yeh Jawaani Hai Deewani actor's Vastu residence in Bandra, Mumbai after dating for five years. The couple… [+1423 chars]"
{'name': 'PINKVILLA'},"<ol><li>A lifetime of love & happiness: Priyanka Chopra's heartfelt wish for lovebirds Ranbir Kapoor & Alia Bhatt  PINKVILLA
</li><li>Bollywood mega-stars Alia Bhatt and Ranbir Kapoor wed in intimate Mumbai ceremony  CNN
</li><li>Bollywood stars Ranbir Kapo…",https://www.pinkvilla.com/entertainment/news/lifetime-love-happiness-priyanka-chopras-heartfelt-wish-lovebirds-ranbir-kapoor-alia-bhatt-1068477,Ranbir Kapoor and Alia Bhatt had us hooked to social media on Thursday evening as the couple tied the knot and made their first public appearance as husband and wife. Looking striking in shades of iv… [+1503 chars]
{'name': 'Livejournal.com'},https://instagram.com/p/CcVXto2sydQ Bollywood stars Alia Bhatt (29) and Ranbir Kapoor (39). The coupe started dating in 2018. Alia shared the photos from their wedding ceremony on Instagram. source,https://ohnotheydidnt.livejournal.com/123152072.html,"https://instagram.com/p/CcVXto2sydQ
Bollywood stars Alia Bhatt (29) and Ranbir Kapoor (39). The couple started dating in 2018.
Alia shared the photos from their wedding ceremony on Instagram.
sour… [+1 chars]"
{'name': 'CNN'},"Soaring inflation. The war in Ukraine. Yet another rise in Covid cases. With so much going on this year it's hard to focus on things like filing your taxes. Nevertheless, the IRS still expects you to file your 2021 return and pay whatever you still owe by the…",https://www.cnn.com/2022/04/10/us/five-things-april-10-trnd/index.html,"Soaring inflation. The war in Ukraine. Yet another rise in Covid cases. With so much going on this year it's hard to focus on things like filing your taxes. Nevertheless, the IRS still expects you to… [+6124 chars]"
{'name': 'Reuters'},"Pakistan's top court will on Wednesday hear Prime Minister Imran Khan's legal team defend his bid to block an opposition bid to oust him, a move his critics say was unconstitutional and which has ushered in a new phase of political turmoil.",https://www.reuters.com/world/asia-pacific/pakistan-court-hear-khans-defence-blocking-ouster-2022-04-06/,"ISLAMABAD, April 6 (Reuters) - Pakistan's top court will on Wednesday hear Prime Minister Imran Khan's legal team defend his bid to block an opposition bid to oust him, a move his critics say was unc… [+2533 chars]"
{'name': 'Reuters'},Pakistan's powerful military on Thursday dismissed ousted Prime Minister Imran Khan's accusation that the United States had conspired to topple him in a parliamentary vote of confidence.,https://www.reuters.com/world/asia-pacific/pakistan-military-dismisses-khans-theory-us-conspired-oust-him-pm-2022-04-14/,"ISLAMABAD, April 14 (Reuters) - Pakistan's powerful military on Thursday dismissed ousted Prime Minister Imran Khan's accusation that the United States had conspired to topple him in a parliamentary … [+2670 chars]"
{'name': 'NPR'},Imran Khan called on his supporters to take to the streets in protest while the political opposition prepare to install his replacement.,https://www.npr.org/2022/04/10/1091927160/pakistan-prime-minister-imran-khan-parliament-ousted,"Supporters of an opposition party celebrate the success of a no-confidence vote against Prime Minister Imran Khan, in Karachi, Pakistan, Sunday, April 10, 2022.
Fareed Khan/AP
ISLAMABAD The ouster … [+5345 chars]"
"{'name': ""CP24 Toronto's Breaking News""}","<ol><li>Sharif sworn in as Pakistan's new PM after week of drama  CP24 Toronto's Breaking News
</li><li>Pakistan's parliament votes in Shehbaz Sharif as PM after Imran Khan's ouster  CBC News
</li><li>Pakistan parliament elects opposition leader as prime mi…",https://www.cp24.com/world/sharif-sworn-in-as-pakistan-s-new-pm-after-week-of-drama-1.5856814,"ISLAMABAD (AP) - Pakistan's parliament on Monday elected opposition lawmaker Shahbaz Sharif as the new prime minister, following a week of political turmoil that led to the weekend ouster of Premier … [+5672 chars]"
{'name': 'Business Insider'},"Pakistan's political opposition ousted the embattled prime minister, Imran Khan, in a no-confidence vote after several of Khan's allies deserted him.",https://www.businessinsider.com/pakistan-prime-minister-imran-khan-ousted-in-no-confidence-vote-2022-4,"ISLAMABAD (AP) Pakistan's political opposition ousted the country's embattled prime minister in a no-confidence vote early Sunday, which they won after several of Imran Khan's allies and a key coalit… [+5471 chars]"
{'name': 'Ctvnews.ca'},"Pakistan Prime Minister Imran Khan faces a no-confidence vote in parliament on Saturday which he is widely expected to lose. Here is what the upheaval, which comes as the economy is in deep trouble, means for countries closely involved in Pakistan.",https://www.ctvnews.ca/world/what-political-upheaval-in-pakistan-means-for-rest-of-the-world-1.5854093,"WASHINGTON/ISLAMABAD -- 
Pakistan Prime Minister Imran Khan faces a no-confidence vote in parliament on Saturday which he is widely expected to lose.
If that happens, or he resigns before then, a n… [+5103 chars]"
{'name': 'Reuters'},"Pakistan's parliament was set to meet on Monday to elect a new prime minister, with opposition leader Shehbaz Sharif the favourite to win after a week-long constitutional crisis that climaxed on Sunday when Imran Khan lost a no-confidence vote.",https://www.reuters.com/world/asia-pacific/pakistans-parliament-set-elect-new-prime-minister-2022-04-11/,"ISLAMABAD, April 11 (Reuters) - Pakistan's parliament was set to meet on Monday to elect a new prime minister, with opposition leader Shehbaz Sharif the favourite to win after a week-long constitutio… [+2764 chars]"
{'name': 'Reuters'},"No prime minister has completed a full five-year tenure in Pakistan's 75-year history - a trend extended with the ouster of Imran Khan, who lost a no-confidence vote on Sunday.",https://www.reuters.com/world/asia-pacific/no-pakistani-prime-minister-has-completed-full-tenure-2022-04-09/,"KARACHI, Pakistan, April 10 (Reuters) - No prime minister has completed a full five-year tenure in Pakistan's 75-year history - a trend extended with the ouster of Imran Khan, who lost a no-confidenc… [+4968 chars]"
{'name': 'Time'},Pakistan’s parliament elected opposition leader Shahbaz Sharif as prime minister after Imran Khan lost the support of lawmakers,https://time.com/6165802/pakistan-imran-khan-shahbaz-sharif/,"Pakistan’s parliament elected opposition leader Shahbaz Sharif as prime minister, ending weeks of political turmoil since former cricket star Imran Khan lost the support of lawmakers and tried to pre… [+2509 chars]"
{'name': 'Reuters'},Pakistan's Prime Minister Imran Khan is due to address the nation on Friday after the Supreme Court ruled he acted unconstitutionally in blocking an attempt to oust him - a decision that could end his premiership in days.,https://www.reuters.com/world/asia-pacific/pakistans-khan-vows-fight-after-court-rules-against-him-2022-04-08/,"ISLAMABAD, April 8 (Reuters) - Pakistan's Prime Minister Imran Khan is due to address the nation on Friday after the Supreme Court ruled he acted unconstitutionally in blocking an attempt to oust him… [+3193 chars]"
{'name': 'Vice News'},"The allegations were followed by a constitutional crisis, dissolved parliament, and ministers resigning every day.",https://www.vice.com/en/article/93bjky/pakistan-turmoil-prime-minister-imran-khan-accuses-america-of-trying-to-oust-him,"Pakistan is facing a sudden power vacuum after its president dissolved parliament and called for early elections that could give a fresh mandate to Prime Minister Imran Khan, who has accused the Unit… [+5633 chars]"
{'name': 'Politico'},Imran Khan has claimed the United States worked behind the scenes to bring him down.,https://www.politico.com/news/2022/04/10/ousted-prime-minister-pakistan-00024300,"Khans successor is to be elected and sworn in by Parliament on Monday. The leading contender is Shahbaz Sharif, a brother of disgraced former prime minister Nawaz Sharif.
Shahbaz Sharif heads the la… [+4543 chars]"
{'name': 'Al Jazeera English'},Multiple petitions challenge Prime Minister Khan’s decision to dissolve parliament amid political turmoil.,https://www.aljazeera.com/news/2022/4/5/pakistan-polls-uncertain-as-top-court-delays-ruling,"Islamabad, Pakistan Pakistans Supreme Court has adjourned without ruling on the legality of Prime Minister Imran Khans move to dissolve parliament and call new elections.
A five-judge bench of Pakis… [+3725 chars]"
{'name': 'Al Jazeera English'},Top court begins hearing arguments on whether PM Khan had legal right to dissolve parliament and call for early polls.,https://www.aljazeera.com/news/2022/4/5/pakistan-political-crisis-live-news-supreme-court-imran-khan-liveblog,<ul><li>Pakistans top court has resumed hearing arguments on whether Prime Minister Imran Khan and his allies had the legal right to dissolve parliament and call for early elections.</li><li>On Sunda… [+2590 chars]
{'name': 'Al Jazeera English'},Pakistan's leader is ousted from office after 174 members voted against him in parliament.,https://www.aljazeera.com/news/2022/4/9/pakistan-prime-minister-imran-khan-no-confidence-vote,"Pakistans Prime Minister Imran Khan has been deposed by a no-confidence vote in parliament, days after he blocked a similar attempt.
The passing of the motion on Saturday came after the countrys Sup… [+1749 chars]"
{'name': 'Al Jazeera English'},A bench headed by Pakistan’s chief justice is hearing petitions challenging PM Imran Khan’s dissolution of parliament.,https://www.aljazeera.com/news/2022/4/6/all-eyes-on-pakistan-supreme-court-amid-constitutional-crisis,"Islamabad, Pakistan Pakistans Supreme Court has again delayed ruling on the legality of Prime Minister Imran Khans move to dissolve parliament and call fresh elections.
A five-judge bench of the Sup… [+4136 chars]"
{'name': 'Politico'},"Anticipating his loss, Khan, who charged his opposition colluded with the United States to unseat him, has called on his supporters to stage rallies nationwide on Sunday.",https://www.politico.com/news/2022/04/09/pakistans-embattled-pm-ousted-in-no-confidence-vote-00024270,"Anticipating his loss, Khan, who charged his opposition colluded with the United States to unseat him, has called on his supporters to stage rallies nationwide on Sunday. Khans options are limited an… [+2849 chars]"
{'name': 'The Guardian'},"As Johnson’s cabinet flounders, Starmer’s team has some brilliant ideas to improve this country. But voters also want a clear visionRipe plums fall into Labour’s lap. Without the opposition lifting a finger, each day brings another revelation that tells waver…",https://amp.theguardian.com/commentisfree/2022/apr/12/labour-winning-policies-party-keir-starmer-public,"Ripe plums fall into Labours lap. Without the opposition lifting a finger, each day brings another revelation that tells wavering voters all they need to know about what these bumptious ministers thi… [+6959 chars]"
{'name': 'Al Jazeera English'},Military spokesman rejects former PM Imran Khan's allegation that the US conspired to topple his government.,https://www.aljazeera.com/news/2022/4/14/pakistan-military-rejects-khans-theory-us-conspired-to-oust-him,"Pakistans powerful military has dismissed deposed Prime Minister Imran Khans accusation that the United States had conspired to topple him in a parliamentary vote of confidence.
Khan, 69, who led th… [+2563 chars]"
{'name': 'Al Jazeera English'},The popular Bollywood film attempts to construct a truth about Kashmir out of the carcasses of facts.,https://www.aljazeera.com/opinions/2022/4/13/the-dangerous-truth-of-the-kashmiri-files,"A man wearing the saffron turban and robes of a Hindu preacher stands against the plush red interior of a cinema. In one hand he carries a shiny steel trident, a traditional weapon of Hindu gods, and… [+14262 chars]"
{'name': 'The Indian Express'},"The video was posted on J&K Police’s official Twitter account on March 31. Incidentally, on April 4, the Valley witnessed a fresh spurt in attacks on migrants and Kashmiri Pandits.",https://indianexpress.com/article/india/untold-kashmir-files-a-short-clip-by-jk-police-7856989/,"THE JAMMU and Kashmir Police has posted a 57-second video, which aims to underline how all Kashmiris cutting across faith were victims of militancy.Called The Untold Kashmir Files a reference to the … [+4515 chars]"
{'name': 'The Indian Express'},This is the latest example of intellectual tone-deafness to the political and cultural realities of today's India.,https://indianexpress.com/article/opinion/columns/why-they-love-to-hate-the-kashmir-files-7871310/,"For all those who thought that Partition and the subsequent adoption of a democratic Constitution had somehow settled the debate about the idea of India, as something defined by the values of civic c… [+5729 chars]"
{'name': 'The Indian Express'},This is the latest example of intellectual tone-deafness to the political and cultural realities of today's India.,https://indianexpress.com/article/opinion/why-they-love-to-hate-the-kashmir-files-7871310/,"For all those who thought that Partition and the subsequent adoption of a democratic Constitution had somehow settled the debate about the idea of India, as something defined by the values of civic c… [+5729 chars]"
{'name': 'The Times of India'},"Targeting the Modi-led government over The Kashmir Files, NCP chief Sharad Pawar has said it is unfortunate that people in power promoted the film. Addressing NCP workers here on Sunday, the former Union minister claimed that efforts are being made to create …",https://economictimes.indiatimes.com/news/politics-and-nation/people-in-power-promoted-the-kashmir-files-pawar/articleshow/90773463.cms,"Targeting the Modi-led government over The Kashmir Files, NCP chief Sharad Pawar has said it is unfortunate that people in power promoted the film. Addressing NCP workers here on Sunday, the former U… [+1049 chars]"
{'name': 'The Indian Express'},"Called The Untold Kashmir Files — a reference to the recently released The Kashmir Files — the video, a J&K Police officer told The Indian Express, “is an attempt to reach out to citizens that we understand their pain and we are all together in this fight aga…",https://indianexpress.com/videos/news-video/the-untold-kashmir-files-videonews-x89tdm8/,"Theatre Artists, Journalists Stripped At Madhya Pradesh Police Station; Probe Underway"
{'name': 'The Indian Express'},Twinkle Khanna shared her first tweet since her column on 'The Kashmir Files wave' was published. Twinkle spoke about not allowing the naysayers to pull her down.,https://indianexpress.com/article/entertainment/bollywood/twinkle-khanna-first-tweet-after-controversial-kashmir-files-joke-7857800/,"Actor-writer Twinkle Khanna, who recently wrote about ‘The Kashmir Files wave’ in her column took to Twitter days after it caused some controversy. Twinkle did not address the controversy directly bu… [+1545 chars]"
{'name': 'The Indian Express'},"Following the success of The Kashmir Files, Vivek Agnihotri, Pallavi Joshi and Abhishek Agarwal will come together again and produce two more films.",https://indianexpress.com/article/entertainment/bollywood/the-kashmir-files-producers-vivek-agnihotri-and-pallavi-joshi-to-reunite-for-two-more-films-based-7863616/,"After the success of The Kashmir Files, the team has reunited for two more films. Director Vivek Agnihotri, Abhishek Agarwal and Pallavi Joshi will produce films on similar historical incidents that … [+1650 chars]"
{'name': 'The Indian Express'},"The agency filed a chargesheet in the Patiala House Court against 25 accused persons in a terror conspiracy case under sections 120B and 121A of the IPC, and sections 18, 20, 38 and 39 of the UAPA. The accused were arrested following the killing of civilians …",https://indianexpress.com/article/cities/delhi/jk-targeted-killings-nia-files-chargesheet-against-25-7860705/,"The National Investigation Agency (NIA) has told a Delhi court that they have unraveled a clear strategy of terrorist organisations carrying out targeted killings of minorities, civilians and unguard… [+1267 chars]"
{'name': 'The Indian Express'},"Ohio, State Senator Niraj Atani, said the citation honours Vivek Agnihotri for his work on The Kashmir Files, which depict the genocide of Kashmiri Pandits from their indigenous homeland.",https://indianexpress.com/article/entertainment/bollywood/ohio-state-senate-honours-vivek-agnihotri-the-kashmir-files-pm-modi-7854974/,"The Ohio State Senate has presented a citation to film director Vivek Agnihotri in recognition of his movie The Kashmir Files. Ohio, State Senator Niraj Atani, said the citation honours Agnihotri for… [+1948 chars]"
{'name': 'The Indian Express'},"Devendra Fadnavis said, “The NCP has grand plans on bringing a Muslim quota in Maharashtra even though our Constitution does",https://indianexpress.com/article/cities/mumbai/fadnavis-pawar-first-to-use-words-hindu-terror-appeasement-his-first-priority-7869914/,"Senior BJP leader Devendra Fadnavis on Thursday attacked NCP chief Sharad Pawar, accusing him and his party of indulging in appeasement politics and polarising the society on communal basis.Fadnavis … [+1779 chars]"
{'name': 'The Indian Express'},"RRR box office collection: SS Rajamouli's epic film, starring Jr NTR and Ram Charan, has become the fifth highest-grossing Indian film internationally, overtaking PK. It now trails Secret Superstar.",https://indianexpress.com/article/entertainment/telugu/rrr-box-office-collection-day-12-ss-rajamouli-fifth-highest-grossing-indian-film-ever-7840744/,"The Hindi version of director SS Rajamouli’s RRR witnessed its first major day-on-day drop at the box office on its second Monday. The film is expected to have made Rs 7 crore, according to Box Offic… [+1486 chars]"
{'name': 'The Indian Express'},Army sources said the video seeks to counter misinformation by Pakistan on social media.,https://indianexpress.com/article/india/now-srinagar-corps-posts-video-to-show-terror-targets-all-faiths-7871372/,"AFTER THE Jammu and Kashmir (J&amp;K) Police, the Indian Army’s Srinagar-based Chinar Corps on Friday posted a video on its social media handles titled “Kashmir fights back”, which, a senior security… [+3768 chars]"
{'name': 'The Indian Express'},"Union Education Minister Dharmendra Pradhan, while Delivering the inaugural speech at the India Education Summit 2022, organised by The Indian Express, said the youth of the country needed to be prepared to become job creators instead of job seekers, who beco…",https://indianexpress.com/article/live-news/top-news-briefing-today-7857183/,"From the contentious Criminal Procedure (Identification) Bill, 2022 being passed in Parliament, to a 57 second video by Jammu and Kashmir police highlighting how all Kashmiris across faiths were vict… [+5107 chars]"
{'name': 'The Indian Express'},"AAP MLA Atishi lashed out at the BJP, saying they had sent a message to its workers across the country that they will be felicitated if they indulge in “hooliganism and vandalism”.",https://indianexpress.com/article/cities/delhi/delhi-bjp-office-8-accused-attacking-kejriwal-residence-are-garlanded-7871100/,Eight men who were arrested and later released on bail in connection with the attack on Chief Minister Arvind Kejriwals residence were on Thursday felicitated at the Delhi BJP office by the partys st… [+2134 chars]
{'name': 'Americanthinker.com'},"In Vivek Agnihotri’s recent film, The Kashmir Files, frenzied crowds of Muslims chant Raliv, galiv, chaliv! (Convert, leave, or die!) as Hindu Pandit families cower in their homes. Bands of Islamic militants gun down security personnel and walk...",https://www.americanthinker.com/articles/2022/04/the_ethnic_cleansing_of_the_pandits_of_kashmir.html,"In Vivek Agnihotri’s recent film, The Kashmir Files, frenzied crowds of Muslims chant Raliv, galiv, chaliv! (Convert, leave, or die!) as Hindu Pandit families cower in their homes. Bands of Islamic m… [+7552 chars]"
{'name': 'The Guardian'},"Fans and critics welcome multilingual, pan-Indian, historical-action-romance blockbuster from the renowned Telugu film-maker SS RajamouliThe cinema aisles are lit up with the screens of a dozen mobile phones as a third of the audience shuffles in unapologetic…",https://amp.theguardian.com/film/2022/apr/08/a-biryani-western-on-bhang-rrr-reopens-indian-cinema-in-spectacular-style,The cinema aisles are lit up with the screens of a dozen mobile phones as a third of the audience shuffles in unapologetically during the opening 20 minutes of the film. The aroma of popcorn and puff… [+6846 chars]
{'name': 'Moneycontrol'},"The online ticketing platform and entertainment destination recorded the highest ever sale of movie tickets in March this year thanks to hit ventures like RRR, The Kashmir Files.",https://www.moneycontrol.com/news/trends/entertainment/after-lull-business-revives-for-bookmyshow-expects-to-surpass-pre-covid-level-in-fy23-8342681.html,"For entertainment ticketing platform BookMyShow, it was almost a no-show in the last two years as cinemas had to shut down due to COVID-19, and then faced capacity restrictions when theatres reopened… [+5240 chars]"
{'name': 'India Today'},"<ol><li>Vivek Agnihotri says 'time to work on The Delhi Files' after The Kashmir Files success  India Today
</li><li>After ""The Kashmir Files"", Filmmaker Reveals His Next - ""The Delhi Files""  NDTV
</li><li>Delhi Files 1984 | Delhi Files Story | Delhi Files …",https://www.indiatoday.in/movies/bollywood/story/vivek-agnihotri-says-time-to-work-on-the-delhi-files-after-the-kashmir-files-success-1937877-2022-04-15,"Vivek Agnihotris The Kashmir Files was a tremendous success at the box office. Starring Anupam Kher and Mithun Chakraborty, it showed the brutal truth of the Kashmir Genocide. Now, director Vivek is … [+1918 chars]"
{'name': 'The Indian Express'},"In 2016, plots were allotted to 27 families in whose cases the technical hurdles were removed, but the other 182 families still kept waiting.",https://indianexpress.com/article/cities/chandigarh/three-decade-long-wait-of-182-kashmiri-pandits-for-land-ends-get-plots-in-jhajjar-7858704/,"A three three-decade-long wait of a group of Kashmiri Pandit families, who between 1991 and 1992 purchased land in Haryana’s Jhajjar, finally ended Thursday with Chief Minister Manohar Lal Khattar an… [+3496 chars]"
{'name': 'The Indian Express'},"Chennai, Tamil Nadu News Live Updates- Chennai Petrol, Diesel, LPG Price Hike Updates:",https://indianexpress.com/article/cities/chennai/chennai-news-live-stalin-madras-hc-sri-lanka-petrol-price-dmk-aiadmk-updates-7859081/,"Chennai: AIADMK leaders Edappadi K. Palaniswami and O. Panneerselvam with party MLAs stage a walkout during the Tamil Nadu Assembly Session, at the secretariat, in Chennai, Wednesday, April 6, 2022. … [+1441 chars]"
{'name': 'The Indian Express'},"Petrol Diesel Price Hike Today Latest News: Petrol price in Delhi stands at Rs 105.41 per litre while diesel is available for Rs 96.67. In Mumbai, petrol is retailing at Rs 120.51, while diesel costs Rs 104.77. Click here to find out fuel prices in your city.",https://indianexpress.com/article/business/commodities/petrol-diesel-price-today-11-april-rates-latest-check-latest-fuel-price-7863407/,"Petrol Diesel Price Today: Petrol and diesel prices remained steady for the fifth consecutive day across the country on Monday, April 11, 2022.The price of petrol in Delhi stands at Rs 105.41 per lit… [+2161 chars]"
{'name': 'The Indian Express'},"Petrol Diesel Price Hike Today Latest News: Petrol price in Delhi stands at Rs 105.41 per litre while diesel is available for Rs 96.67. In Mumbai, petrol is retailing at Rs 120.51, while diesel costs Rs 104.77. Click here to find out fuel prices in your city.",https://indianexpress.com/article/business/commodities/petrol-diesel-price-today-13-april-rates-latest-check-latest-fuel-price-7867214/,"Petrol Diesel Price Today: Petrol and diesel prices remained steady for the seventh consecutive day across the country on Wednesday, April 13, 2022.The price of petrol in Delhi stands at Rs 105.41 pe… [+2073 chars]"
{'name': 'The Indian Express'},"Petrol Diesel Price Hike Today Latest News: Petrol price in Delhi stands at Rs 105.41 per litre while diesel is available for Rs 96.67. In Mumbai, petrol is retailing at Rs 120.51, while diesel costs Rs 104.77. Click here to find out fuel prices in your city.",https://indianexpress.com/article/business/commodities/petrol-diesel-price-today-15-april-rates-latest-check-latest-fuel-price-7870208/,"Petrol Diesel Price Today: Petrol and diesel prices remained steady for the ninth consecutive day across the country on Friday, April 15, 2022.The price of petrol in Delhi stands at Rs 105.41 per lit… [+1881 chars]"
{'name': 'The Indian Express'},"Petrol Diesel Price Hike Today Latest News: Petrol price in Delhi stands at Rs 105.41 per litre while diesel is available for Rs 96.67. In Mumbai, petrol is retailing at Rs 120.51, while diesel costs Rs 104.77. Click here to find out fuel prices in your city.",https://indianexpress.com/article/business/commodities/petrol-diesel-price-today-12-april-rates-latest-check-latest-fuel-price-7865463/,"Petrol Diesel Price Today: Prices of petrol and diesel remained unchanged for the sixth successive day across the country on Tuesday, April 12, 2022.The price of petrol in Delhi stands at Rs 105.41 p… [+2167 chars]"
{'name': 'The Indian Express'},"Petrol Diesel Price Hike Today Latest News: Petrol price in Delhi stands at Rs 105.41 per litre while diesel is available for Rs 96.67. In Mumbai, petrol is retailing at Rs 120.51, while diesel costs Rs 104.77. Click here to find out fuel prices in your city.",https://indianexpress.com/article/business/commodities/petrol-diesel-price-today-8-april-rates-latest-check-latest-fuel-price-7859479/,"Petrol Diesel Price Today: Prices of petrol and diesel remained unchanged for the second consecutive day across the country on Friday, April 8, 2022.The price of petrol in Delhi stands at Rs 105.41 p… [+2241 chars]"
{'name': 'The Indian Express'},"Petrol Diesel Price Hike Today Latest News: Petrol price in Delhi stands at Rs 105.41 per litre while diesel is available for Rs 96.67. In Mumbai, petrol is retailing at Rs 120.51, while diesel costs Rs 104.77. Click here to find out fuel prices in your city.",https://indianexpress.com/article/business/commodities/petrol-diesel-price-today-14-april-rates-latest-check-latest-fuel-price-7868779/,"Petrol Diesel Price Today: Prices of petrol and diesel remained unchanged for the eighth successive day across the country on Thursday, April 14, 2022.The price of petrol in Delhi stands at Rs 105.41… [+2066 chars]"
{'name': 'The Indian Express'},"Petrol and diesel prices: Petrol price in Delhi stands at Rs 105.41 per litre while diesel is available for Rs 96.67. In Mumbai, petrol is retailing at Rs 120.51, while diesel costs Rs 104.77. Read below to find out fuel prices in your city.",https://indianexpress.com/article/business/commodities/petrol-diesel-prices-hiked-by-80-paise-total-increase-now-stands-at-rs-10-7854830/,"Petrol and diesel price today: Petrol and diesel prices were hiked yet again across the country for the fifth successive day on Wednesday, April 6, 2022. In the national capital, both petrol and dies… [+2563 chars]"
{'name': 'The Indian Express'},"Speaking in Lok Sabha during Zero Hour, Ray said, “Petrol and diesel rates in the country have sharply increased after the latest round of fuel price hikes by oil marketing companies.""",https://indianexpress.com/article/india/prices-of-fuel-medicine-among-issues-raised-in-lok-sabha-7856827/,"Raising the issue of fuel price hikes, Trinamool Congress MP Sougata Ray on Wednesday urged the government to take immediate steps to check the daily increase in prices of petroleum products.Speaking… [+3114 chars]"
{'name': 'The Indian Express'},"As the price of the summer essential commodity soared high, netizens are having a field day with hilarious memes.",https://indianexpress.com/article/trending/trending-in-india/memes-take-over-twitter-amid-fuel-lemon-price-rise-7860293/,"With growing inflation, most people in the country are expressing their concerns and anger online. While some have gone on to rant and vent their frustration, urging the government to adopt measures … [+3311 chars]"
{'name': 'The Times of India'},"While the prices of vegetables and several other food items have gone through the roof, the rates of petrol and diesel have increased by about Rs 10 per litre each in the past one month. Besides, the prices of other petroleum products, including cooking gas, …",https://economictimes.indiatimes.com/news/economy/indicators/rising-prices-of-essentials-fuel-spare-no-one-strain-household-budgets-across-country/articleshow/90793620.cms,A sharp rise in prices of essential commodities over the past few months coupled with the latest burden of steep hike in fuel rates have made life difficult for almost every section of the society ac… [+5697 chars]
{'name': 'The Indian Express'},"CNG Price today: CNG in the National Capital Territory (NCT) of Delhi now costs Rs 69.11 per kg, up from Rs 66.61 per kg, according to the information posted on the website of Indraprastha Gas Ltd (IGL) - the firm which retails CNG and piped cooking gas in th…",https://indianexpress.com/article/business/commodities/cng-price-hiked-by-rs-2-50-per-kg-in-delhi-april-7-7857572/,"CNG prices in the national capital on Thursday were hiked for the second day in a row by Rs 2.50 per kilogram, taking the total increase since March to Rs 12.5 per kg.CNG in the National Capital Terr… [+1724 chars]"
{'name': 'Al Jazeera English'},"With gas prices surging amid Russia's invasion and inflation rising, US president unveils new plan for corn-based fuel.",https://www.aljazeera.com/news/2022/4/12/biden-boosts-ethanol-to-lower-us-fuel-prices-amid-war-in-ukraine,"Joe Biden has unveiled a new plan to widen the availability of petrol blended with corn-based ethanol, as the US president seeks to curb soaring fuel costs in the United States linked to the Russian … [+3908 chars]"
{'name': 'The Indian Express'},The Federation of Karnataka State Lorry Owners’ and Agents’ Association has also demanded from Chief Minister Basavaraj Bommai to do away with check-posts at the state’s borders and scuttle the sand mining policy.,https://indianexpress.com/article/cities/bangalore/karnataka-truck-owners-threaten-to-strike-over-fuel-price-other-demands-7865550/,Karnataka lorry and truck owners have given a month’s deadline to the state government to intervene and reduce the price of diesel and said they will strike if their demands are not met.Apart from th… [+1611 chars]
{'name': 'The Indian Express'},"Taxi and cab unions have been holding protests since April 8 demanding a reduction in fuel prices, and the autorickshaw union held a protest Monday demanding Rs 35 subsidy on CNG rates.",https://indianexpress.com/article/cities/delhi/delhi-driver-unions-to-hold-2-day-chakka-jam-7866647/,"Following a series of protests against the hike in fuel prices in Delhi-NCR, drivers associations and unions have decided to observe a chakka jam for two days from April 18.Taxi and cab unions have b… [+1937 chars]"
{'name': 'The Indian Express'},This has aggravated problems in a place already in the grip of agrarian distress,https://indianexpress.com/article/cities/mumbai/backward-forsaken-parbhani-now-pays-among-highest-for-fuel-in-india-7869524/,"Kishore Radhakrishan Dhage recalled how one day recently, as he was leaving home, his wife called out and urged him to ride his bike to their small soybean field 1.5 km away. I cannot afford petrol a… [+6547 chars]"
{'name': 'Moneycontrol'},This is the eighth such hike in CNG prices after five consecutive increases in March this year and the last hike on April 4. Check prices here,https://www.moneycontrol.com/news/india/cng-prices-hiked-in-delhi-ncr-check-new-rates-effective-from-april-7-8326891.html,"Indraprastha Gas (IGL) has hiked the prices of Compressed Natural Gas (CNG) in Delhi by Rs 2.5 per kg to Rs 69.11 per kg. The new price will come into effect from April 7.
This is the third consecut… [+2754 chars]"
{'name': 'YouTube'},"<ol><li>Gravitas: Petrol, Diesel prices soar in India  WION
</li><li>Petrol, Diesel Costlier By Nearly A Rupee, 14th Hike In 16 Days  NDTV
</li><li>Petrol, diesel prices hiked by 80 paise, total increase now Rs 10 a litre in 16 days  Economic Times
</li><l…",https://www.youtube.com/supported_browsers?next_url=https%3A%2F%2Fwww.youtube.com%2Fwatch%3Fv%3DLJgaLMoM-ew,"Your browser isnt supported anymore. Update it to get the best YouTube experience and our latest features. Learn more
Remind me later"
{'name': 'CNN'},"Elon Musk, Tesla's CEO who just became the largest shareholder in Twitter, has been tweeting about possible changes to the company.",https://www.cnn.com/videos/business/2022/04/10/elon-musk-twitter-rs-vpx.cnn,
{'name': 'Engadget'},"Elon Musk, Tesla CEO, SpaceX boss, that guy, has been Twitter’s largest shareholder for mere weeks but has packed in enough drama and turmoil to make it feel like months.He’s now facing legal action over the handling of his latest investment. A Twitter shareh…",https://www.engadget.com/the-morning-after-elon-musk-faces-lawsuit-over-his-twitter-investment-111507827.html,"Elon Musk, Tesla CEO, SpaceX boss, that guy, has been Twitters largest shareholder for mere weeks but has packed in enough drama and turmoil to make it feel like months.
Hes now facing legal action … [+3037 chars]"
{'name': 'The Verge'},"After Elon Musk, the world’s wealthiest man, offered to take Twitter private for roughly $43 billion, The Verge staff wondered what else he could buy with that kind of cash.",https://www.theverge.com/2022/4/14/23025330/elon-musk-twitter-offer-43-billion,"Photo by Sean O’Kane / The Verge

 

 This morning, Elon Musk, the current wealthiest man in the world, offered to buy Twitter outright for $43 billion and take the company private. That is quite a … [+8251 chars]"
{'name': 'Gizmodo.com'},"Elon Musk, who recently bought a 9.2% stake in Twitter, has made an offer to buy the company outright for $54.20 per share in cash in a hostile takeover of roughly $43 billion, according to a new from Bloomberg News and documents filed with the SEC. Musk said…",https://gizmodo.com/elon-musk-wants-to-buy-100-of-twitter-in-hostile-takeo-1848792192,"Elon Musk, who recently bought a 9.2% stake in Twitter, has made an offer to buy the company outright for $54.20 per share in cash in a hostile takeover of roughly $43 billion, according to a new fro… [+2472 chars]"
{'name': 'Slashdot.org'},"The newest member of Twitter's board of directors just tweeted ""Is Twitter dying?"" 

That would be Elon Musk — who'd preceded the question with a list of Twitter's ten most-followed accounts, noting that most of them ""tweet rarely and post very little content…",https://slashdot.org/story/22/04/09/2058201/is-twitter-dying-tweets-elon-musk,"The newest member of Twitter's board of directors just tweeted ""Is Twitter dying?"" That would be Elon Musk — who'd preceded the question with a list of Twitter's ten most-followed accounts, noting th… [+1276 chars]"
{'name': 'Gizmodo.com'},"The cute little Twitter bird has teeth. Today, the company announced it has poisoned the local watering hole, hoping it will stall Elon Musk as he seeks to swallow up the social media company in a hostile takeover.Read more...",https://gizmodo.com/elon-musk-twitter-stock-poison-pill-takeover-1848799852,"The cute little Twitter bird has teeth. Today, the company announced it has poisoned the local watering hole, hoping it will stall Elon Musk as he seeks to swallow up the social media company in a ho… [+3651 chars]"
{'name': 'Reuters'},"Tesla Inc <a href=""https://www.reuters.com/companies/TSLA.O"" target=""_blank"">(TSLA.O)</a> CEO Elon Musk on Thursday stepped up criticism of the U.S. securities regulator, calling Securities and Exchange Commission officials ""bastards"" for bringing fraud charg…",https://www.reuters.com/technology/musk-says-us-sec-bastards-forced-settlement-over-tesla-tweets-2022-04-14/,"April 14 (Reuters) - Tesla Inc (TSLA.O) CEO Elon Musk on Thursday stepped up criticism of the U.S. securities regulator, calling Securities and Exchange Commission officials ""bastards"" for bringing f… [+2704 chars]"
{'name': 'NPR'},"News broke this week that Musk had taken a 9% stake in the company, becoming its single largest shareholder. Musk polled users on whether they want the ability to edit their tweets.",https://www.npr.org/2022/04/05/1091007749/elon-musk-twitter-board-edit-tweets,"Elon Musk speaks during a news conference at SpaceX's Starbase facility near Boca Chica Village in South Texas on Feb. 10.
Jim Watson/AFP via Getty Images
Billionaire businessman Elon Musk will joi… [+1220 chars]"
"{'name': ""CP24 Toronto's Breaking News""}","<ol><li>Tesla CEO Elon Musk won't join Twitter's board after all  CP24 Toronto's Breaking News
</li><li>Elon Musk drops out of Twitter board | Business News | Latest English News | WION  WION
</li><li>What happens now that Elon Musk is not joining Twitter's…",https://www.cp24.com/world/tesla-ceo-elon-musk-won-t-join-twitter-s-board-after-all-1.5856812,"SAN FRANCISCO (AP) - Billionaire ElonMusk, one of Twitter's biggest shareholders, is reversing course and will no longer join the company's board of directors, less than a week after being awarded a … [+6001 chars]"
{'name': 'Ctvnews.ca'},"<ol><li>Musk no longer joining Twitter board of directors  CTV News
</li><li>Elon Musk declines to join Twitter board of directors  Fox Business
</li><li>Elon Musk proposes Twitter Blue subscription shakeup days after disclosing 9.2% stake  The Globe and Ma…",https://www.ctvnews.ca/sci-tech/elon-musk-no-longer-joining-twitter-s-board-of-directors-1.5856736,"SAN FRANCISCO -- 
Tesla CEO Elon Musk won't be joining Twitter's board of directors as previously announced. The tempestuous billionaire remains Twitters largest shareholder.
Twitter CEO Parag Agra… [+3579 chars]"
{'name': 'Ctvnews.ca'},"<ol><li>What happens now that Elon Musk is not joining Twitter's board?  CTV News
</li><li>Elon Musk drops out of Twitter board | Business News | Latest English News | WION  WION
</li><li>Tesla CEO Elon Musk won't join Twitter's board after all - Business N…",https://www.ctvnews.ca/sci-tech/what-elon-musk-s-dance-with-twitter-really-means-1.5857813,"PROVIDENCE, R.I. - 
Tesla CEO Elon Musk's great Twitter turnabout - in which he disclosed his massive stake in the social media company, got a seat on its board, publicly floated drastic changes and… [+6393 chars]"
{'name': 'Business Insider'},"""Looking forward to working with Parag & Twitter board to make significant improvements to Twitter in coming months!"" Musk said.",https://markets.businessinsider.com/news/stocks/twitter-stock-price-elon-musk-board-of-directors-limits-stake-2022-4,"Twitter stock jumped 10% on Tuesday after the social media company appointed Elon Musk to its board of directors.
Musk disclosed a passive 9.2% stake in Twitter on Monday, which helped send the shar… [+1729 chars]"
{'name': 'The Guardian'},"Musk has long advocated a libertarian vision of an ‘uncontrolled’ internet. That’s also the dream of every dictator, strongman and demagogueThe Russian people know little about Putin’s war on Ukraine because Putin has blocked their access to the truth, substi…",https://amp.theguardian.com/commentisfree/2022/apr/12/elon-musk-internet-twitter,"The Russian people know little about Putins war on Ukraine because Putin has blocked their access to the truth, substituting propaganda and lies.
Years ago, pundits assumed the internet would open a… [+5223 chars]"
{'name': 'Reuters'},"Twitter’s <a href=""https://www.reuters.com/companies/TWTR.N"" target=""_blank"">(TWTR.N)</a> history is as rich in plot twists as a soap opera, but the short-lived episode of Elon Musk joining and then deciding not to join the social media firm’s board has once …",https://www.reuters.com/breakingviews/flighty-musk-exposes-twitters-flaky-governance-2022-04-11/,"NEW YORK, April 11 (Reuters Breakingviews) - Twitters (TWTR.N) history is as rich in plot twists as a soap opera, but the short-lived episode of Elon Musk joining and then deciding not to join the so… [+3628 chars]"
{'name': 'The Guardian'},"Analysis: Musk’s past musings about Twitter show desire to reshape essence of its business model<ul><li>Elon Musk offers to buy Twitter for more than $40bn</li></ul>It turns out he wasn’t in “goblin mode” after all. Last week Elon musk, in his characteristica…",https://amp.theguardian.com/technology/2022/apr/14/how-free-speech-absolutist-elon-musk-would-transform-twitter,"It turns out he wasnt in goblin mode after all. Last week Elon Musk, in his characteristically antic manner, tweeted a series of suggestions for improving Twitter after he was revealed to have become… [+3965 chars]"
{'name': 'Entrepreneur'},"New research finds that Twitter bots have long been cheerleading for Tesla, but to what end?",https://www.entrepreneur.com/article/424590,"One of the most controversial facets of social media is how much influence a single user can have on how people view real-world happenings. On Twitter in particular, the surge of trending topics and … [+2544 chars]"
{'name': 'CNET'},"The list includes Kanye West, NASA and South Park.",https://www.cnet.com/culture/internet/heres-who-elon-musk-follows-on-twitter/,"Tesla CEO Elon Musk speaks at the Tesla Giga Texas manufacturing ""Cyber Rodeo"" grand opening party in Austin, Texas, on April 7, 2022.
SUZANNE CORDEIRO/AFP via Getty Images
Billionaire Elon Musk is… [+3596 chars]"
{'name': 'Reuters'},"Twitter <a href=""https://www.reuters.com/companies/TWTR.N"" target=""_blank"">(TWTR.N)</a> hasn’t wasted time. After Tesla <a href=""https://www.reuters.com/companies/TSLA.O"" target=""_blank"">(TSLA.O)</a> Chief Executive Elon Musk disclosed a 9% stake in the rough…",https://www.reuters.com/breakingviews/musk-fully-cashes-twitter-hype-2022-04-05/,"NEW YORK, April 5 (Reuters Breakingviews) - Twitter (TWTR.N) hasnt wasted time. After Tesla (TSLA.O) Chief Executive Elon Musk disclosed a 9% stake in the roughly $41 billion social media company on … [+3742 chars]"
{'name': 'Slashdot.org'},"UPDATE: Jeff Bezos and Marc Andreessen have now responded to Elon Musk's suggestion to create a homeless shelter out of Twitter's San Francisco headquarters, ""since no one shows up anyway."" 

And at some point over the weekend, Musk also suggested a new way t…",https://slashdot.org/story/22/04/10/1829245/update-jeff-bezos-marc-andreessen-respond-to-elon-musk-tweet,"UPDATE: Jeff Bezos and Marc Andreessen have now responded to Elon Musk's suggestion to create a homeless shelter out of Twitter's San Francisco headquarters, ""since no one shows up anyway."" And at so… [+2484 chars]"
{'name': 'The Guardian'},"The Tesla boss now has a 9.2% stake in the social network and offers suggestions and criticisms in a series of tweetsElon Musk has set out his vision for Twitter after buying a 9.2% stake in the company, in a series of posts on the social network described by…",https://amp.theguardian.com/technology/2022/apr/10/elon-musk-unveils-vision-for-twitter-after-joining-its-board,"Elon Musk has set out his vision for Twitter after buying a 9.2% stake in the company, in a series of posts on the social network described by one commentator as having chaos energy.
Since being app… [+3006 chars]"
